mnemonic,title,processors,section,printed_page,pdf_page,form,x,n,z,v,c,x_note,n_note,z_note,v_note,c_note,qualifier
ABCD,Add Decimal with Extend,(M68000 Family),4,4-2,106,table,*,U,*,U,*,1,,2,,3,"Normally, the Z condition code bit is set via programming before the start of an operation. This allows successful tests for zero results upon completion of multiple-precision operations."
ADD,Add,(M68000 Family),4,4-4,108,table,*,*,*,*,*,1,4,5,6,7,
ADDA,Add Address,(M68000 Family),4,4-7,111,prose,—,—,—,—,—,,,,,,
ADDI,Add Immediate,(M68000 Family),4,4-9,113,table,*,*,*,*,*,1,4,5,6,7,
ADDQ,Add Quick,(M68000 Family),4,4-11,115,table,*,*,*,*,*,1,4,5,8,9,The condition codes are not affected when the destination is an address register.
ADDX,Add Extended,(M68000 Family),4,4-13,117,table,*,*,*,*,*,1,4,2,8,7,"Normally, the Z condition code bit is set via programming before the start of an operation. This allows successful tests for zero results upon completion of multiple-precision operations."
AND,AND Logical,(M68000 Family),4,4-15,119,table,—,*,*,0,0,,10,5,,,
ANDI,AND Immediate,(M68000 Family),4,4-18,122,table,—,*,*,0,0,,10,5,,,
ANDI to CCR,CCR AND Immediate,(M68000 Family),4,4-20,124,table,*,*,*,*,*,11,12,13,14,15,
"ASL, ASR",Arithmetic Shift,(M68000 Family),4,4-21,125,table,*,*,*,*,*,16,10,5,17,18,
Bcc,Branch Conditionally,(M68000 Family),4,4-25,129,prose,—,—,—,—,—,,,,,,
BCHG,Test a Bit and Change,(M68000 Family),4,4-27,131,table,—,—,*,—,—,,,19,,,
BCLR,Test a Bit and Clear,(M68000 Family),4,4-30,134,table,—,—,*,—,—,,,19,,,
BFCHG,Test Bit Field and Change,"(MC68020, MC68030, MC68040)",4,4-33,137,table,—,*,*,0,0,,20,21,,,
BFCLR,Test Bit Field and Clear,"(MC68020, MC68030, MC68040)",4,4-35,139,table,—,*,*,0,0,,20,21,,,
BFEXTS,Extract Bit Field Signed,"(MC68020, MC68030, MC68040)",4,4-37,141,table,—,*,*,0,0,,20,21,,,
BFEXTU,Extract Bit Field Unsigned,"(MC68020, MC68030, MC68040)",4,4-40,144,table,—,*,*,0,0,,22,21,,,
BFFFO,Find First One in Bit Field,"(MC68020, MC68030, MC68040)",4,4-43,147,table,—,*,*,0,0,,20,21,,,
BFINS,Insert Bit Field,"(MC68020, MC68030, MC68040)",4,4-46,150,table,—,*,*,0,0,,20,21,,,
BFSET,Test Bit Field and Set,"(MC68020, MC68030, MC68040)",4,4-49,153,table,—,*,*,0,0,,20,21,,,
BFTST,Test Bit Field,"(MC68020, MC68030, MC68040)",4,4-51,155,table,—,*,*,0,0,,20,21,,,
BKPT,Breakpoint,"(MC68EC000, MC68010, MC68020, MC68030, MC68040, CPU32)",4,4-53,157,prose,—,—,—,—,—,,,,,,
BRA,Branch Always,(M68000 Family),4,4-55,159,prose,—,—,—,—,—,,,,,,
BSET,Test a Bit and Set,(M68000 Family),4,4-56,160,table,—,—,*,—,—,,,19,,,
BSR,Branch to Subroutine,(M68000 Family),4,4-59,163,prose,—,—,—,—,—,,,,,,
BTST,Test a Bit,(M68000 Family),4,4-61,165,table,—,—,*,—,—,,,19,,,
CALLM,Call Module,(MC68020),4,4-64,168,prose,—,—,—,—,—,,,,,,
"CAS, CAS2",Compare and Swap with Operand,"(MC68020, MC68030, MC68040)",4,4-66,170,table,—,*,*,*,*,,4,5,6,23,
CHK,Check Register Against Bounds,(M68000 Family),4,4-69,173,table,—,*,U,U,U,,24,,,,
CHK2,Check Register Against Bounds,"(MC68020, MC68030, MC68040, CPU32)",4,4-71,175,table,—,U,*,U,*,,,25,,26,
CLR,Clear an Operand,(M68000 Family),4,4-73,177,table,—,0,1,0,0,,,,,,
CMP,Compare,(M68000 Family),4,4-75,179,table,—,*,*,*,*,,4,5,8,27,
CMPA,Compare Address,(M68000 Family),4,4-77,181,table,—,*,*,*,*,,4,5,6,23,
CMPI,Compare Immediate,(M68000 Family),4,4-79,183,table,—,*,*,*,*,,4,5,8,27,
CMPM,Compare Memory,(M68000 Family),4,4-81,185,table,—,*,*,*,*,,4,5,6,23,
CMP2,Compare Register Against Bounds,"(MC68020, MC68030, MC68040, CPU32)",4,4-82,186,table,—,U,*,U,*,,,25,,26,
cpBcc,Branch on Coprocessor Condition,"(MC68020, MC68030)",4,4-84,188,prose,—,—,—,—,—,,,,,,
cpDBcc,Test Coprocessor Condition Decrement and Branch,"(MC68020, MC68030)",4,4-85,189,prose,—,—,—,—,—,,,,,,
cpGEN,Coprocessor General Function,"(MC68020, MC68030)",4,4-86,190,prose,*,*,*,*,*,28,28,28,28,28,
cpScc,Set on Coprocessor Condition,"(MC68020, MC68030)",4,4-87,191,prose,—,—,—,—,—,,,,,,
cpTRAPcc,Trap on Coprocessor Condition,"(MC68020, MC68030)",4,4-89,193,prose,—,—,—,—,—,,,,,,
DBcc,"Test Condition, Decrement, and Branch",(M68000 Family),4,4-90,194,prose,—,—,—,—,—,,,,,,
"DIVS, DIVSL",Signed Divide,(M68000 Family),4,4-92,196,table,—,*,*,*,0,,29,30,31,,
"DIVU, DIVUL",Unsigned Divide,(M68000 Family),4,4-96,200,table,—,*,*,*,0,,29,30,32,,
EOR,Exclusive-OR Logical,(M68000 Family),4,4-100,204,table,—,*,*,0,0,,10,5,,,
EORI,Exclusive-OR Immediate,(M68000 Family),4,4-102,206,table,—,*,*,0,0,,10,5,,,
EORI to CCR,Exclusive-OR Immediate to Condition Code,(M68000 Family),4,4-104,208,table,*,*,*,*,*,33,34,35,36,37,
EXG,Exchange Registers,(M68000 Family),4,4-105,209,prose,—,—,—,—,—,,,,,,
"EXT, EXTB",Sign-Extend,(M68000 Family),4,4-106,210,table,—,*,*,0,0,,4,5,,,
ILLEGAL,Take Illegal Instruction Trap,(M68000 Family),4,4-107,211,prose,—,—,—,—,—,,,,,,
JMP,Jump,(M68000 Family),4,4-108,212,prose,—,—,—,—,—,,,,,,
JSR,Jump to Subroutine,(M68000 Family),4,4-109,213,prose,—,—,—,—,—,,,,,,
LEA,Load Effective Address,(M68000 Family),4,4-110,214,prose,—,—,—,—,—,,,,,,
LINK,Link and Allocate,(M68000 Family),4,4-111,215,prose,—,—,—,—,—,,,,,,
"LSL, LSR",Logical Shift,(M68000 Family),4,4-113,217,table,*,*,*,0,*,16,4,5,,18,
MOVE,Move Data from Source to Destination,(M68000 Family),4,4-116,220,table,—,*,*,0,0,,4,5,,,
MOVEA,Move Address,(M68000 Family),4,4-119,223,prose,—,—,—,—,—,,,,,,
MOVE from CCR,Move from the Condition Code Register,"(MC68010, MC68020, MC68030, MC68040, CPU32)",4,4-121,225,prose,—,—,—,—,—,,,,,,
MOVE to CCR,Move to Condition Code Register,(M68000 Family),4,4-123,227,table,*,*,*,*,*,38,39,40,41,42,
MOVE from SR,Move from the Status Register,"(MC68000, MC68008)",4,4-125,229,prose,—,—,—,—,—,,,,,,
MOVE16,Move 16-Byte Block,(MC68040),4,4-126,230,prose,—,—,—,—,—,,,,,,
MOVEM,Move Multiple Registers,(M68000 Family),4,4-128,232,prose,—,—,—,—,—,,,,,,
MOVEP,Move Peripheral Data,(M68000 Family),4,4-131,235,prose,—,—,—,—,—,,,,,,
MOVEQ,Move Quick,(M68000 Family),4,4-134,238,table,—,*,*,0,0,,4,5,,,
MULS,Signed Multiply,(M68000 Family),4,4-135,239,table,—,*,*,*,0,,4,5,43,,Overflow (V = 1) can occur only when multiplying 32-bit operands to yield a 32-bit result. Overflow occurs if the high-order 32 bits of the quad-word product are not the sign extension of the low-order 32 bits.
MULU,Unsigned Multiply,(M68000 Family),4,4-138,242,table,—,*,*,*,0,,4,5,43,,Overflow (V = 1) can occur only when multiplying 32-bit operands to yield a 32-bit result. Overflow occurs if any of the high-order 32 bits of the quad-word product are not equal to zero.
NBCD,Negate Decimal with Extend,(M68000 Family),4,4-141,245,table,*,U,*,U,*,1,,2,,44,Normally the Z condition code bit is set via programming before the start of the operation. This allows successful tests for zero results upon completion of multiple-precision operations.
NEG,Negate,(M68000 Family),4,4-143,247,table,*,*,*,*,*,1,4,5,8,45,
NEGX,Negate with Extend,(M68000 Family),4,4-145,249,table,*,*,*,*,*,1,4,2,8,27,Normally the Z condition code bit is set via programming before the start of the operation. This allows successful tests for zero results upon completion of multiple-precision operations.
NOP,No Operation,(M68000 Family),4,4-147,251,prose,—,—,—,—,—,,,,,,
NOT,Logical Complement,(M68000 Family),4,4-148,252,table,—,*,*,0,0,,4,5,,,
OR,Inclusive-OR Logical,(M68000 Family),4,4-150,254,table,—,*,*,0,0,,10,5,,,
ORI,Inclusive-OR,(M68000 Family),4,4-153,257,table,—,*,*,0,0,,10,5,,,
ORI to CCR,Inclusive-OR Immediate to Condition Codes,(M68000 Family),4,4-155,259,table,*,*,*,*,*,46,47,48,49,50,
PACK,Pack,"(MC68020, MC68030, MC68040)",4,4-156,260,prose,—,—,—,—,—,,,,,,
PEA,Push Effective Address,(M68000 Family),4,4-159,263,prose,—,—,—,—,—,,,,,,
"ROL, ROR",Rotate (Without Extend),(M68000 Family),4,4-160,264,table,—,*,*,0,*,,10,5,,51,
"ROXL, ROXR",Rotate with Extend,(M68000 Family),4,4-163,267,table,*,*,*,0,*,52,10,5,,53,
RTD,Return and Deallocate,"(MC68010, MC68020, MC68030, MC68040, CPU32)",4,4-166,270,prose,—,—,—,—,—,,,,,,
RTM,Return from Module,(MC68020),4,4-167,271,prose,*,*,*,*,*,54,54,54,54,54,
RTR,Return and Restore Condition Codes,(M68000 Family),4,4-168,272,prose,*,*,*,*,*,55,55,55,55,55,
RTS,Return from Subroutine,(M68000 Family),4,4-169,273,prose,—,—,—,—,—,,,,,,
SBCD,Subtract Decimal with Extend,(M68000 Family),4,4-170,274,table,*,U,*,U,*,1,,2,,56,Normally the Z condition code bit is set via programming before the start of an operation. This allows successful tests for zero results upon completion of multiple-precision operations.
Scc,Set According to Condition,(M68000 Family),4,4-172,276,prose,—,—,—,—,—,,,,,,
SUB,Subtract,(M68000 Family),4,4-174,278,table,*,*,*,*,*,57,4,5,6,23,
SUBA,Subtract Address,(M68000 Family),4,4-177,281,prose,—,—,—,—,—,,,,,,
SUBI,Subtract Immediate,(M68000 Family),4,4-179,283,table,*,*,*,*,*,57,4,5,8,27,
SUBQ,Subtract Quick,(M68000 Family),4,4-181,285,table,*,*,*,*,*,57,4,5,8,27,
SUBX,Subtract with Extend,(M68000 Family),4,4-183,287,table,*,*,*,*,*,57,4,2,8,27,Normally the Z condition code bit is set via programming before the start of an operation. This allows successful tests for zero results upon completion of multiple-precision operations.
SWAP,Swap Register Halves,(M68000 Family),4,4-185,289,table,—,*,*,0,0,,58,59,,,
TAS,Test and Set an Operand,(M68000 Family),4,4-186,290,table,—,*,*,0,0,,60,61,,,
TRAP,Trap,(M68000 Family),4,4-188,292,prose,—,—,—,—,—,,,,,,
TRAPcc,Trap on Condition,"(MC68020, MC68030, MC68040, CPU32)",4,4-189,293,prose,—,—,—,—,—,,,,,,
TRAPV,Trap on Overflow,(M68000 Family),4,4-191,295,prose,—,—,—,—,—,,,,,,
TST,Test an Operand,(M68000 Family),4,4-192,296,table,—,*,*,0,0,,62,63,,,
UNLK,Unlink,(M68000 Family),4,4-194,298,prose,—,—,—,—,—,,,,,,
UNPK,Unpack BCD,"(MC68020, MC68030, MC68040)",4,4-195,299,prose,—,—,—,—,—,,,,,,
ANDI to SR,AND Immediate to the Status Register,(M68000 Family),6,6-2,456,table,*,*,*,*,*,11,12,13,14,15,
CINV,Invalidate Cache Lines,"(MC68040, MC68LC040)",6,6-3,457,prose,—,—,—,—,—,,,,,,
cpRESTORE,Coprocessor Restore Functions,"(MC68020, MC68030)",6,6-5,459,prose,—,—,—,—,—,,,,,,
cpSAVE,Coprocessor Save Function,"(MC68020, MC68030)",6,6-7,461,prose,—,—,—,—,—,,,,,,
CPUSH,Push and Invalidate Cache Lines,"(MC68040, MC68LC040)",6,6-8,462,prose,—,—,—,—,—,,,,,,
EORI to SR,Exclusive-OR Immediate to the Status Register,(M68000 Family),6,6-10,464,table,*,*,*,*,*,33,34,35,36,37,
MOVE from SR,Move from the Status Register,"(MC68EC000, MC68010, MC68020, MC68030, MC68040, CPU32)",6,6-17,471,prose,—,—,—,—,—,,,,,,
MOVE to SR,Move to the Status Register,(M68000 Family),6,6-19,473,prose,*,*,*,*,*,64,64,64,64,64,
MOVE USP,Move User Stack Pointer,(M68000 Family),6,6-21,475,prose,—,—,—,—,—,,,,,,
MOVEC,Move Control Register,"(MC68010, MC68020, MC68030, MC68040, CPU32)",6,6-22,476,prose,—,—,—,—,—,,,,,,
MOVES,Move Address Space,"(MC68010, MC68020, MC68030, MC68040, CPU32)",6,6-24,478,prose,—,—,—,—,—,,,,,,
ORI to SR,Inclusive-OR Immediate to the Status Register,(M68000 Family),6,6-27,481,table,*,*,*,*,*,46,47,48,49,50,
PFLUSH,Flush Entry in the ATC,(MC68030 only),6,6-32,486,prose,—,—,—,—,—,,,,,,
PFLUSH,Flush ATC Entries,"(MC68040, MC68LC040)",6,6-35,489,prose,—,—,—,—,—,,,,,,
PFLUSH,Flush ATC Entries,(MC68EC040),6,6-37,491,prose,—,—,—,—,—,,,,,,
PLOAD,Load an Entry into the ATC,"(MC68030 only, MC68851)",6,6-43,497,absent,,,,,,65,65,65,65,65,
PMOVE,Move to/from MMU Registers,(MC68030 only),6,6-47,501,prose,—,—,—,—,—,,,,,,
PMOVE,Move to/from MMU Registers,(MC68EC030),6,6-51,505,prose,—,—,—,—,—,,,,,,
PTEST,Test a Logical Address,(MC68030 only),6,6-63,517,prose,—,—,—,—,—,,,,,,
PTEST,Test a Logical Address,(MC68EC030),6,6-68,522,prose,—,—,—,—,—,,,,,,
PTEST,Test a Logical Address,"(MC68040, MC68LC040)",6,6-70,524,prose,—,—,—,—,—,,,,,,
PTEST,Test a Logical Address,(MC68EC040),6,6-72,526,absent,,,,,,65,65,65,65,65,
RESET,Reset External Devices,(M68000 Family),6,6-83,537,prose,—,—,—,—,—,,,,,,
RTE,Return from Exception,(M68000 Family),6,6-84,538,prose,*,*,*,*,*,66,66,66,66,66,
STOP,Load Status Register and Stop,(M68000 Family),6,6-85,539,prose,*,*,*,*,*,67,67,67,67,67,
